launch_date,All,"Medical, Illness & Healing",Accidents & Emergencies,"Medical, Illness & Healing + Accidents & Emergencies"
2020-01-19,0.14285714285714285,0.0,0.0,0.0
2020-01-20,0.0,0.0,0.0,0.0
2020-01-21,0.0,0.0,0.0,0.0
2020-01-22,0.0,0.0,0.0,0.0
2020-01-23,0.0,0.0,0.0,0.0
2020-01-24,0.0,0.0,0.0,0.0
2020-01-25,0.0,0.0,0.0,0.0
2020-01-26,0.0,0.0,0.0,0.0
2020-01-27,0.0,0.0,0.0,0.0
2020-01-28,0.0,0.0,0.0,0.0
2020-01-29,0.0,0.0,0.0,0.0
2020-01-30,0.0,0.0,0.0,0.0
2020-01-31,0.0,0.0,0.0,0.0
2020-02-01,0.0,0.0,0.0,0.0
2020-02-02,0.0,0.0,0.0,0.0
2020-02-03,0.0,0.0,0.0,0.0
2020-02-04,0.0,0.0,0.0,0.0
2020-02-05,0.0,0.0,0.0,0.0
2020-02-06,0.0,0.0,0.0,0.0
2020-02-07,0.0,0.0,0.0,0.0
2020-02-08,0.0,0.0,0.0,0.0
2020-02-09,0.0,0.0,0.0,0.0
2020-02-10,0.0,0.0,0.0,0.0
2020-02-11,0.0,0.0,0.0,0.0
2020-02-12,0.0,0.0,0.0,0.0
2020-02-13,0.14285714285714285,0.0,0.0,0.0
2020-02-14,0.2857142857142857,0.0,0.0,0.0
2020-02-15,0.2857142857142857,0.0,0.0,0.0
2020-02-16,0.2857142857142857,0.0,0.0,0.0
2020-02-17,0.2857142857142857,0.0,0.0,0.0
2020-02-18,0.2857142857142857,0.0,0.0,0.0
2020-02-19,0.42857142857142855,0.14285714285714285,0.0,0.14285714285714285
2020-02-20,0.2857142857142857,0.14285714285714285,0.0,0.14285714285714285
2020-02-21,0.2857142857142857,0.14285714285714285,0.14285714285714285,0.2857142857142857
2020-02-22,0.2857142857142857,0.14285714285714285,0.14285714285714285,0.2857142857142857
2020-02-23,0.42857142857142855,0.2857142857142857,0.14285714285714285,0.42857142857142855
2020-02-24,0.5714285714285714,0.42857142857142855,0.14285714285714285,0.5714285714285714
2020-02-25,0.5714285714285714,0.42857142857142855,0.14285714285714285,0.5714285714285714
2020-02-26,0.42857142857142855,0.2857142857142857,0.14285714285714285,0.42857142857142855
2020-02-27,0.42857142857142855,0.2857142857142857,0.14285714285714285,0.42857142857142855
2020-02-28,0.2857142857142857,0.2857142857142857,0.0,0.2857142857142857
2020-02-29,0.2857142857142857,0.2857142857142857,0.0,0.2857142857142857
2020-03-01,0.14285714285714285,0.14285714285714285,0.0,0.14285714285714285
2020-03-02,0.0,0.0,0.0,0.0
2020-03-03,0.0,0.0,0.0,0.0
2020-03-04,0.0,0.0,0.0,0.0
2020-03-05,0.0,0.0,0.0,0.0
2020-03-06,0.0,0.0,0.0,0.0
2020-03-07,0.0,0.0,0.0,0.0
2020-03-08,0.0,0.0,0.0,0.0
2020-03-09,0.0,0.0,0.0,0.0
2020-03-10,0.0,0.0,0.0,0.0
2020-03-11,0.14285714285714285,0.14285714285714285,0.0,0.14285714285714285
2020-03-12,0.14285714285714285,0.14285714285714285,0.0,0.14285714285714285
2020-03-13,0.2857142857142857,0.14285714285714285,0.0,0.14285714285714285
2020-03-14,0.42857142857142855,0.2857142857142857,0.0,0.2857142857142857
2020-03-15,0.7142857142857143,0.42857142857142855,0.14285714285714285,0.5714285714285714
2020-03-16,0.8571428571428571,0.42857142857142855,0.14285714285714285,0.5714285714285714
2020-03-17,0.8571428571428571,0.42857142857142855,0.14285714285714285,0.5714285714285714
2020-03-18,0.8571428571428571,0.42857142857142855,0.14285714285714285,0.5714285714285714
2020-03-19,1.2857142857142858,0.5714285714285714,0.42857142857142855,1.0
2020-03-20,1.2857142857142858,0.7142857142857143,0.42857142857142855,1.1428571428571428
2020-03-21,1.2857142857142858,0.5714285714285714,0.5714285714285714,1.1428571428571428
2020-03-22,1.2857142857142858,0.5714285714285714,0.5714285714285714,1.1428571428571428
2020-03-23,1.1428571428571428,0.5714285714285714,0.5714285714285714,1.1428571428571428
2020-03-24,1.4285714285714286,0.5714285714285714,0.7142857142857143,1.2857142857142856
2020-03-25,1.5714285714285714,0.5714285714285714,0.7142857142857143,1.2857142857142856
2020-03-26,1.2857142857142858,0.42857142857142855,0.5714285714285714,1.0
2020-03-27,1.5714285714285714,0.2857142857142857,1.0,1.2857142857142856
2020-03-28,1.5714285714285714,0.2857142857142857,0.8571428571428571,1.1428571428571428
2020-03-29,1.2857142857142858,0.14285714285714285,0.7142857142857143,0.8571428571428572
2020-03-30,1.4285714285714286,0.2857142857142857,0.7142857142857143,1.0
2020-03-31,1.1428571428571428,0.2857142857142857,0.5714285714285714,0.8571428571428571
2020-04-01,0.8571428571428571,0.14285714285714285,0.5714285714285714,0.7142857142857142
2020-04-02,0.8571428571428571,0.14285714285714285,0.5714285714285714,0.7142857142857142
2020-04-03,0.5714285714285714,0.14285714285714285,0.14285714285714285,0.2857142857142857
2020-04-04,1.1428571428571428,0.14285714285714285,0.42857142857142855,0.5714285714285714
2020-04-05,1.2857142857142858,0.14285714285714285,0.5714285714285714,0.7142857142857142
2020-04-06,1.5714285714285714,0.14285714285714285,0.5714285714285714,0.7142857142857142
2020-04-07,1.5714285714285714,0.14285714285714285,0.5714285714285714,0.7142857142857142
2020-04-08,1.5714285714285714,0.14285714285714285,0.5714285714285714,0.7142857142857142
2020-04-09,1.7142857142857142,0.14285714285714285,0.5714285714285714,0.7142857142857142
2020-04-10,1.8571428571428572,0.14285714285714285,0.5714285714285714,0.7142857142857142
2020-04-11,1.4285714285714286,0.42857142857142855,0.2857142857142857,0.7142857142857142
2020-04-12,1.7142857142857142,0.5714285714285714,0.42857142857142855,1.0
2020-04-13,1.5714285714285714,0.7142857142857143,0.42857142857142855,1.1428571428571428
2020-04-14,2.0,0.8571428571428571,0.5714285714285714,1.4285714285714284
2020-04-15,2.4285714285714284,1.1428571428571428,0.7142857142857143,1.8571428571428572
2020-04-16,2.2857142857142856,1.2857142857142858,0.5714285714285714,1.8571428571428572
2020-04-17,2.142857142857143,1.4285714285714286,0.5714285714285714,2.0
2020-04-18,2.142857142857143,1.2857142857142858,0.5714285714285714,1.8571428571428572
2020-04-19,1.8571428571428572,1.1428571428571428,0.2857142857142857,1.4285714285714284
2020-04-20,2.0,1.0,0.42857142857142855,1.4285714285714286
2020-04-21,1.8571428571428572,1.0,0.2857142857142857,1.2857142857142856
2020-04-22,2.2857142857142856,1.2857142857142858,0.2857142857142857,1.5714285714285716
2020-04-23,2.4285714285714284,1.1428571428571428,0.42857142857142855,1.5714285714285714
2020-04-24,2.5714285714285716,1.1428571428571428,0.42857142857142855,1.5714285714285714
2020-04-25,2.7142857142857144,1.1428571428571428,0.5714285714285714,1.7142857142857142
2020-04-26,3.142857142857143,1.5714285714285714,0.5714285714285714,2.142857142857143
2020-04-27,3.0,1.4285714285714286,0.42857142857142855,1.8571428571428572
2020-04-28,3.0,1.4285714285714286,0.42857142857142855,1.8571428571428572
2020-04-29,2.5714285714285716,1.1428571428571428,0.2857142857142857,1.4285714285714284
2020-04-30,3.142857142857143,1.4285714285714286,0.2857142857142857,1.7142857142857144
2020-05-01,3.4285714285714284,1.4285714285714286,0.42857142857142855,1.8571428571428572
2020-05-02,3.857142857142857,1.4285714285714286,0.7142857142857143,2.142857142857143
2020-05-03,3.857142857142857,1.0,0.8571428571428571,1.8571428571428572
2020-05-04,3.857142857142857,1.2857142857142858,0.8571428571428571,2.142857142857143
2020-05-05,4.142857142857143,1.4285714285714286,0.8571428571428571,2.2857142857142856
2020-05-06,3.857142857142857,1.2857142857142858,0.8571428571428571,2.142857142857143
2020-05-07,3.0,1.0,0.7142857142857143,1.7142857142857144
2020-05-08,3.142857142857143,0.8571428571428571,1.1428571428571428,2.0
2020-05-09,2.7142857142857144,1.0,0.8571428571428571,1.8571428571428572
2020-05-10,2.857142857142857,1.4285714285714286,0.7142857142857143,2.142857142857143
2020-05-11,2.857142857142857,1.2857142857142858,0.7142857142857143,2.0
2020-05-12,2.5714285714285716,1.0,0.8571428571428571,1.8571428571428572
2020-05-13,3.0,1.2857142857142858,1.0,2.2857142857142856
2020-05-14,3.7142857142857144,1.5714285714285714,1.2857142857142858,2.857142857142857
2020-05-15,3.142857142857143,1.5714285714285714,0.8571428571428571,2.4285714285714284
2020-05-16,3.4285714285714284,1.4285714285714286,1.0,2.428571428571429
2020-05-17,3.142857142857143,1.1428571428571428,1.2857142857142858,2.428571428571429
2020-05-18,2.857142857142857,1.0,1.2857142857142858,2.2857142857142856
2020-05-19,2.5714285714285716,1.0,1.1428571428571428,2.142857142857143
2020-05-20,2.7142857142857144,1.1428571428571428,1.0,2.142857142857143
2020-05-21,2.0,0.8571428571428571,0.7142857142857143,1.5714285714285714
2020-05-22,2.0,1.0,0.5714285714285714,1.5714285714285714
2020-05-23,1.7142857142857142,1.0,0.2857142857142857,1.2857142857142856
2020-05-24,2.142857142857143,0.8571428571428571,0.2857142857142857,1.1428571428571428
2020-05-25,2.5714285714285716,1.0,0.2857142857142857,1.2857142857142856
2020-05-26,3.0,1.1428571428571428,0.42857142857142855,1.5714285714285714
2020-05-27,2.5714285714285716,0.5714285714285714,0.7142857142857143,1.2857142857142856
2020-05-28,3.4285714285714284,1.1428571428571428,0.8571428571428571,2.0
2020-05-29,3.4285714285714284,1.0,0.8571428571428571,1.8571428571428572
2020-05-30,3.4285714285714284,1.2857142857142858,0.8571428571428571,2.142857142857143
2020-05-31,2.7142857142857144,1.4285714285714286,0.5714285714285714,2.0
2020-06-01,2.2857142857142856,1.2857142857142858,0.5714285714285714,1.8571428571428572
2020-06-02,2.0,1.2857142857142858,0.42857142857142855,1.7142857142857144
2020-06-03,2.142857142857143,1.4285714285714286,0.2857142857142857,1.7142857142857144
2020-06-04,1.8571428571428572,1.2857142857142858,0.14285714285714285,1.4285714285714286
2020-06-05,2.142857142857143,1.7142857142857142,0.14285714285714285,1.857142857142857
2020-06-06,2.142857142857143,1.4285714285714286,0.2857142857142857,1.7142857142857144
2020-06-07,2.7142857142857144,1.7142857142857142,0.2857142857142857,2.0
2020-06-08,3.2857142857142856,2.0,0.2857142857142857,2.2857142857142856
2020-06-09,3.7142857142857144,2.142857142857143,0.5714285714285714,2.7142857142857144
2020-06-10,3.4285714285714284,2.142857142857143,0.42857142857142855,2.571428571428571
2020-06-11,3.0,1.8571428571428572,0.42857142857142855,2.2857142857142856
2020-06-12,3.0,1.5714285714285714,0.42857142857142855,2.0
2020-06-13,3.0,1.5714285714285714,0.2857142857142857,1.8571428571428572
2020-06-14,2.857142857142857,1.4285714285714286,0.42857142857142855,1.8571428571428572
2020-06-15,2.7142857142857144,1.4285714285714286,0.5714285714285714,2.0
2020-06-16,2.2857142857142856,1.2857142857142858,0.2857142857142857,1.5714285714285716
2020-06-17,2.4285714285714284,1.2857142857142858,0.2857142857142857,1.5714285714285716
2020-06-18,2.4285714285714284,1.2857142857142858,0.2857142857142857,1.5714285714285716
2020-06-19,2.5714285714285716,1.5714285714285714,0.42857142857142855,2.0
2020-06-20,2.4285714285714284,1.5714285714285714,0.5714285714285714,2.142857142857143
2020-06-21,2.0,1.4285714285714286,0.42857142857142855,1.8571428571428572
2020-06-22,2.4285714285714284,1.7142857142857142,0.42857142857142855,2.142857142857143
2020-06-23,2.857142857142857,1.5714285714285714,0.5714285714285714,2.142857142857143
2020-06-24,3.2857142857142856,2.142857142857143,0.5714285714285714,2.7142857142857144
2020-06-25,3.7142857142857144,2.5714285714285716,0.5714285714285714,3.1428571428571432
2020-06-26,3.4285714285714284,2.2857142857142856,0.42857142857142855,2.714285714285714
2020-06-27,4.0,2.5714285714285716,0.5714285714285714,3.1428571428571432
2020-06-28,4.142857142857143,2.5714285714285716,0.7142857142857143,3.285714285714286
2020-06-29,3.4285714285714284,2.142857142857143,0.5714285714285714,2.7142857142857144
2020-06-30,3.2857142857142856,2.4285714285714284,0.42857142857142855,2.8571428571428568
2020-07-01,3.0,2.0,0.42857142857142855,2.4285714285714284
2020-07-02,3.0,1.5714285714285714,0.5714285714285714,2.142857142857143
2020-07-03,3.2857142857142856,1.7142857142857142,0.7142857142857143,2.4285714285714284
2020-07-04,2.857142857142857,1.5714285714285714,0.42857142857142855,2.0
2020-07-05,3.0,1.7142857142857142,0.2857142857142857,2.0
2020-07-06,4.0,2.142857142857143,0.5714285714285714,2.7142857142857144
2020-07-07,4.142857142857143,2.142857142857143,0.8571428571428571,3.0
2020-07-08,4.857142857142857,2.142857142857143,1.2857142857142858,3.428571428571429
2020-07-09,4.571428571428571,2.142857142857143,1.1428571428571428,3.2857142857142856
2020-07-10,4.571428571428571,2.0,1.0,3.0
2020-07-11,4.714285714285714,1.8571428571428572,1.0,2.857142857142857
2020-07-12,4.857142857142857,1.7142857142857142,1.1428571428571428,2.8571428571428568
2020-07-13,3.7142857142857144,1.1428571428571428,0.8571428571428571,2.0
2020-07-14,3.2857142857142856,1.0,0.5714285714285714,1.5714285714285714
2020-07-15,2.7142857142857144,1.2857142857142858,0.14285714285714285,1.4285714285714286
2020-07-16,2.857142857142857,1.2857142857142858,0.2857142857142857,1.5714285714285716
2020-07-17,3.0,1.7142857142857142,0.2857142857142857,2.0
2020-07-18,3.142857142857143,2.2857142857142856,0.2857142857142857,2.571428571428571
2020-07-19,3.0,2.4285714285714284,0.14285714285714285,2.571428571428571
2020-07-20,4.0,3.142857142857143,0.14285714285714285,3.2857142857142856
2020-07-21,4.142857142857143,3.142857142857143,0.2857142857142857,3.4285714285714284
2020-07-22,4.142857142857143,3.0,0.42857142857142855,3.4285714285714284
2020-07-23,4.142857142857143,3.142857142857143,0.2857142857142857,3.4285714285714284
2020-07-24,4.285714285714286,3.142857142857143,0.42857142857142855,3.571428571428571
2020-07-25,3.857142857142857,2.7142857142857144,0.42857142857142855,3.142857142857143
2020-07-26,4.0,2.857142857142857,0.42857142857142855,3.2857142857142856
2020-07-27,3.2857142857142856,2.4285714285714284,0.42857142857142855,2.8571428571428568
2020-07-28,3.2857142857142856,2.4285714285714284,0.2857142857142857,2.714285714285714
2020-07-29,2.857142857142857,2.142857142857143,0.14285714285714285,2.2857142857142856
2020-07-30,2.7142857142857144,2.0,0.2857142857142857,2.2857142857142856
2020-07-31,2.142857142857143,1.7142857142857142,0.14285714285714285,1.857142857142857
2020-08-01,2.142857142857143,1.5714285714285714,0.14285714285714285,1.7142857142857142
2020-08-02,2.142857142857143,1.5714285714285714,0.2857142857142857,1.8571428571428572
2020-08-03,2.4285714285714284,1.4285714285714286,0.42857142857142855,1.8571428571428572
2020-08-04,2.7142857142857144,1.5714285714285714,0.5714285714285714,2.142857142857143
2020-08-05,2.7142857142857144,1.5714285714285714,0.5714285714285714,2.142857142857143
2020-08-06,2.7142857142857144,1.4285714285714286,0.5714285714285714,2.0
2020-08-07,3.142857142857143,1.8571428571428572,0.5714285714285714,2.428571428571429
2020-08-08,3.5714285714285716,2.0,0.8571428571428571,2.857142857142857
2020-08-09,3.5714285714285716,1.8571428571428572,0.7142857142857143,2.5714285714285716
2020-08-10,3.7142857142857144,2.2857142857142856,0.5714285714285714,2.8571428571428568
2020-08-11,3.5714285714285716,2.2857142857142856,0.5714285714285714,2.8571428571428568
2020-08-12,4.0,2.5714285714285716,0.5714285714285714,3.1428571428571432
2020-08-13,4.285714285714286,2.857142857142857,0.42857142857142855,3.2857142857142856
2020-08-14,3.857142857142857,2.4285714285714284,0.42857142857142855,2.8571428571428568
2020-08-15,3.7142857142857144,2.7142857142857144,0.14285714285714285,2.857142857142857
2020-08-16,4.0,3.142857142857143,0.14285714285714285,3.2857142857142856
2020-08-17,4.0,3.0,0.2857142857142857,3.2857142857142856
2020-08-18,4.571428571428571,3.7142857142857144,0.14285714285714285,3.857142857142857
2020-08-19,4.714285714285714,3.857142857142857,0.2857142857142857,4.142857142857143
2020-08-20,5.571428571428571,4.285714285714286,0.8571428571428571,5.142857142857142
2020-08-21,5.857142857142857,4.285714285714286,1.1428571428571428,5.428571428571429
2020-08-22,6.571428571428571,4.714285714285714,1.2857142857142858,6.0
2020-08-23,6.428571428571429,4.714285714285714,1.2857142857142858,6.0
2020-08-24,6.142857142857143,4.428571428571429,1.2857142857142858,5.714285714285714
2020-08-25,5.428571428571429,3.4285714285714284,1.2857142857142858,4.714285714285714
2020-08-26,5.857142857142857,3.7142857142857144,1.2857142857142858,5.0
2020-08-27,5.0,3.5714285714285716,0.7142857142857143,4.285714285714286
2020-08-28,5.142857142857143,3.7142857142857144,0.5714285714285714,4.285714285714286
2020-08-29,4.428571428571429,3.0,0.5714285714285714,3.571428571428571
2020-08-30,4.428571428571429,2.7142857142857144,0.8571428571428571,3.5714285714285716
2020-08-31,4.857142857142857,3.0,1.0,4.0
2020-09-01,4.857142857142857,3.2857142857142856,1.0,4.285714285714286
2020-09-02,5.0,3.2857142857142856,1.0,4.285714285714286
2020-09-03,4.857142857142857,3.0,1.1428571428571428,4.142857142857142
2020-09-04,4.714285714285714,3.0,1.1428571428571428,4.142857142857142
2020-09-05,4.714285714285714,3.0,1.1428571428571428,4.142857142857142
2020-09-06,5.285714285714286,3.7142857142857144,1.0,4.714285714285714
2020-09-07,5.142857142857143,3.7142857142857144,0.8571428571428571,4.571428571428571
2020-09-08,5.714285714285714,4.0,1.1428571428571428,5.142857142857142
2020-09-09,4.571428571428571,3.142857142857143,1.1428571428571428,4.285714285714286
2020-09-10,5.0,3.2857142857142856,1.4285714285714286,4.714285714285714
2020-09-11,5.285714285714286,3.5714285714285716,1.4285714285714286,5.0
2020-09-12,5.714285714285714,4.0,1.4285714285714286,5.428571428571429
2020-09-13,5.0,3.2857142857142856,1.2857142857142858,4.571428571428571
2020-09-14,4.571428571428571,3.0,1.2857142857142858,4.285714285714286
2020-09-15,4.428571428571429,3.142857142857143,1.0,4.142857142857142
2020-09-16,4.571428571428571,3.4285714285714284,0.8571428571428571,4.285714285714286
2020-09-17,3.857142857142857,3.142857142857143,0.42857142857142855,3.571428571428571
2020-09-18,3.4285714285714284,2.7142857142857144,0.42857142857142855,3.142857142857143
2020-09-19,3.0,2.4285714285714284,0.42857142857142855,2.8571428571428568
2020-09-20,2.857142857142857,2.142857142857143,0.42857142857142855,2.571428571428571
2020-09-21,2.7142857142857144,2.142857142857143,0.2857142857142857,2.4285714285714284
2020-09-22,2.5714285714285716,2.0,0.2857142857142857,2.2857142857142856
2020-09-23,2.857142857142857,2.0,0.42857142857142855,2.4285714285714284
2020-09-24,3.142857142857143,2.0,0.7142857142857143,2.7142857142857144
2020-09-25,4.285714285714286,2.7142857142857144,0.7142857142857143,3.428571428571429
2020-09-26,4.571428571428571,3.0,0.5714285714285714,3.571428571428571
2020-09-27,4.428571428571429,3.142857142857143,0.5714285714285714,3.7142857142857144
2020-09-28,4.571428571428571,3.142857142857143,0.7142857142857143,3.857142857142857
2020-09-29,4.714285714285714,2.857142857142857,1.1428571428571428,4.0
2020-09-30,4.285714285714286,2.7142857142857144,1.0,3.7142857142857144
2020-10-01,4.428571428571429,3.142857142857143,0.7142857142857143,3.857142857142857
2020-10-02,4.0,3.2857142857142856,0.5714285714285714,3.8571428571428568
2020-10-03,3.142857142857143,2.5714285714285716,0.5714285714285714,3.1428571428571432
2020-10-04,3.142857142857143,2.4285714285714284,0.5714285714285714,3.0
2020-10-05,3.4285714285714284,2.857142857142857,0.42857142857142855,3.2857142857142856
2020-10-06,3.4285714285714284,3.2857142857142856,0.0,3.2857142857142856
2020-10-07,4.142857142857143,3.5714285714285716,0.2857142857142857,3.857142857142857
2020-10-08,4.0,3.2857142857142856,0.2857142857142857,3.571428571428571
2020-10-09,3.142857142857143,2.4285714285714284,0.2857142857142857,2.714285714285714
2020-10-10,4.0,3.2857142857142856,0.2857142857142857,3.571428571428571
2020-10-11,3.7142857142857144,3.142857142857143,0.2857142857142857,3.4285714285714284
2020-10-12,3.5714285714285716,2.857142857142857,0.2857142857142857,3.142857142857143
2020-10-13,3.2857142857142856,2.5714285714285716,0.2857142857142857,2.857142857142857
2020-10-14,2.4285714285714284,2.142857142857143,0.0,2.142857142857143
2020-10-15,2.142857142857143,1.8571428571428572,0.14285714285714285,2.0
2020-10-16,1.8571428571428572,1.5714285714285714,0.14285714285714285,1.7142857142857142
2020-10-17,1.8571428571428572,1.1428571428571428,0.5714285714285714,1.7142857142857142
2020-10-18,2.7142857142857144,1.5714285714285714,0.7142857142857143,2.2857142857142856
2020-10-19,2.4285714285714284,1.4285714285714286,0.7142857142857143,2.142857142857143
2020-10-20,2.142857142857143,1.1428571428571428,0.7142857142857143,1.8571428571428572
2020-10-21,2.4285714285714284,1.4285714285714286,0.7142857142857143,2.142857142857143
2020-10-22,2.857142857142857,1.7142857142857142,0.7142857142857143,2.4285714285714284
2020-10-23,3.7142857142857144,2.142857142857143,0.7142857142857143,2.857142857142857
2020-10-24,3.142857142857143,2.0,0.2857142857142857,2.2857142857142856
2020-10-25,2.5714285714285716,1.7142857142857142,0.2857142857142857,2.0
2020-10-26,2.857142857142857,1.8571428571428572,0.42857142857142855,2.2857142857142856
2020-10-27,3.0,1.7142857142857142,0.7142857142857143,2.4285714285714284
2020-10-28,3.2857142857142856,1.8571428571428572,0.7142857142857143,2.5714285714285716
2020-10-29,2.857142857142857,1.7142857142857142,0.5714285714285714,2.2857142857142856
2020-10-30,2.4285714285714284,1.7142857142857142,0.5714285714285714,2.2857142857142856
2020-10-31,2.5714285714285716,1.7142857142857142,0.7142857142857143,2.4285714285714284
2020-11-01,2.4285714285714284,1.7142857142857142,0.5714285714285714,2.2857142857142856
2020-11-02,2.5714285714285716,1.7142857142857142,0.5714285714285714,2.2857142857142856
2020-11-03,2.4285714285714284,1.7142857142857142,0.42857142857142855,2.142857142857143
2020-11-04,2.0,1.2857142857142858,0.42857142857142855,1.7142857142857144
2020-11-05,2.0,1.2857142857142858,0.42857142857142855,1.7142857142857144
2020-11-06,2.0,1.1428571428571428,0.42857142857142855,1.5714285714285714
2020-11-07,2.0,1.2857142857142858,0.2857142857142857,1.5714285714285716
2020-11-08,1.8571428571428572,1.1428571428571428,0.2857142857142857,1.4285714285714284
2020-11-09,1.5714285714285714,1.0,0.2857142857142857,1.2857142857142856
2020-11-10,1.5714285714285714,1.1428571428571428,0.14285714285714285,1.2857142857142856
2020-11-11,1.7142857142857142,1.2857142857142858,0.2857142857142857,1.5714285714285716
2020-11-12,1.8571428571428572,1.2857142857142858,0.2857142857142857,1.5714285714285716
2020-11-13,1.5714285714285714,1.1428571428571428,0.2857142857142857,1.4285714285714284
2020-11-14,1.5714285714285714,1.1428571428571428,0.2857142857142857,1.4285714285714284
2020-11-15,1.8571428571428572,1.2857142857142858,0.2857142857142857,1.5714285714285716
2020-11-16,2.0,1.2857142857142858,0.14285714285714285,1.4285714285714286
2020-11-17,2.0,1.2857142857142858,0.14285714285714285,1.4285714285714286
2020-11-18,2.0,1.1428571428571428,0.0,1.1428571428571428
2020-11-19,2.0,1.1428571428571428,0.14285714285714285,1.2857142857142856
2020-11-20,2.4285714285714284,1.2857142857142858,0.14285714285714285,1.4285714285714286
2020-11-21,2.4285714285714284,1.0,0.14285714285714285,1.1428571428571428
2020-11-22,2.7142857142857144,1.1428571428571428,0.2857142857142857,1.4285714285714284
2020-11-23,2.7142857142857144,1.4285714285714286,0.2857142857142857,1.7142857142857144
2020-11-24,3.142857142857143,1.5714285714285714,0.2857142857142857,1.8571428571428572
2020-11-25,3.142857142857143,1.8571428571428572,0.2857142857142857,2.142857142857143
2020-11-26,3.142857142857143,1.8571428571428572,0.2857142857142857,2.142857142857143
2020-11-27,2.857142857142857,1.7142857142857142,0.2857142857142857,2.0
2020-11-28,3.4285714285714284,2.4285714285714284,0.2857142857142857,2.714285714285714
2020-11-29,3.0,2.2857142857142856,0.14285714285714285,2.4285714285714284
2020-11-30,2.857142857142857,1.8571428571428572,0.42857142857142855,2.2857142857142856
2020-12-01,2.5714285714285716,1.7142857142857142,0.42857142857142855,2.142857142857143
2020-12-02,3.0,1.5714285714285714,0.8571428571428571,2.4285714285714284
2020-12-03,2.857142857142857,1.4285714285714286,0.7142857142857143,2.142857142857143
2020-12-04,3.142857142857143,1.8571428571428572,0.7142857142857143,2.5714285714285716
2020-12-05,2.4285714285714284,1.2857142857142858,0.7142857142857143,2.0
2020-12-06,2.857142857142857,1.4285714285714286,0.8571428571428571,2.2857142857142856
2020-12-07,3.0,1.7142857142857142,0.5714285714285714,2.2857142857142856
2020-12-08,2.7142857142857144,1.5714285714285714,0.5714285714285714,2.142857142857143
2020-12-09,2.142857142857143,1.5714285714285714,0.14285714285714285,1.7142857142857142
2020-12-10,2.4285714285714284,1.8571428571428572,0.14285714285714285,2.0
2020-12-11,2.142857142857143,1.5714285714285714,0.14285714285714285,1.7142857142857142
2020-12-12,2.2857142857142856,1.4285714285714286,0.14285714285714285,1.5714285714285714
2020-12-13,1.7142857142857142,1.1428571428571428,0.0,1.1428571428571428
2020-12-14,1.4285714285714286,1.0,0.0,1.0
2020-12-15,2.0,1.2857142857142858,0.14285714285714285,1.4285714285714286
2020-12-16,2.2857142857142856,1.5714285714285714,0.14285714285714285,1.7142857142857142
2020-12-17,1.8571428571428572,1.2857142857142858,0.14285714285714285,1.4285714285714286
2020-12-18,2.2857142857142856,1.5714285714285714,0.2857142857142857,1.8571428571428572
2020-12-19,2.4285714285714284,1.8571428571428572,0.42857142857142855,2.2857142857142856
2020-12-20,2.7142857142857144,2.142857142857143,0.42857142857142855,2.571428571428571
2020-12-21,2.5714285714285716,2.0,0.42857142857142855,2.4285714285714284
2020-12-22,2.2857142857142856,2.0,0.2857142857142857,2.2857142857142856
2020-12-23,2.0,1.7142857142857142,0.2857142857142857,2.0
2020-12-24,2.5714285714285716,2.142857142857143,0.42857142857142855,2.571428571428571
2020-12-25,2.7142857142857144,2.2857142857142856,0.42857142857142855,2.714285714285714
2020-12-26,2.5714285714285716,2.2857142857142856,0.2857142857142857,2.571428571428571
2020-12-27,2.7142857142857144,2.2857142857142856,0.42857142857142855,2.714285714285714
2020-12-28,2.7142857142857144,2.2857142857142856,0.42857142857142855,2.714285714285714
2020-12-29,2.5714285714285716,2.142857142857143,0.42857142857142855,2.571428571428571
2020-12-30,2.5714285714285716,2.0,0.42857142857142855,2.4285714285714284
2020-12-31,2.857142857142857,2.0,0.5714285714285714,2.571428571428571
2021-01-01,2.7142857142857144,1.8571428571428572,0.42857142857142855,2.2857142857142856
2021-01-02,2.857142857142857,1.8571428571428572,0.5714285714285714,2.428571428571429
2021-01-03,3.142857142857143,2.142857142857143,0.5714285714285714,2.7142857142857144
2021-01-04,3.857142857142857,2.7142857142857144,0.7142857142857143,3.428571428571429
2021-01-05,4.571428571428571,2.857142857142857,1.1428571428571428,4.0
2021-01-06,5.0,3.2857142857142856,1.2857142857142858,4.571428571428571
2021-01-07,4.714285714285714,3.2857142857142856,1.0,4.285714285714286
2021-01-08,4.571428571428571,3.142857142857143,1.1428571428571428,4.285714285714286
2021-01-09,4.714285714285714,3.0,1.2857142857142858,4.285714285714286
2021-01-10,4.428571428571429,2.5714285714285716,1.2857142857142858,3.8571428571428577
2021-01-11,4.142857142857143,2.2857142857142856,1.2857142857142858,3.571428571428571
2021-01-12,3.7142857142857144,2.4285714285714284,0.8571428571428571,3.2857142857142856
2021-01-13,3.7142857142857144,2.2857142857142856,0.8571428571428571,3.142857142857143
2021-01-14,3.857142857142857,1.8571428571428572,1.1428571428571428,3.0
2021-01-15,3.4285714285714284,1.4285714285714286,1.1428571428571428,2.571428571428571
2021-01-16,3.4285714285714284,1.4285714285714286,1.2857142857142858,2.7142857142857144
2021-01-17,3.5714285714285716,1.8571428571428572,1.1428571428571428,3.0
2021-01-18,3.857142857142857,2.142857142857143,1.0,3.142857142857143
2021-01-19,3.5714285714285716,1.8571428571428572,1.0,2.857142857142857
2021-01-20,3.2857142857142856,1.8571428571428572,0.8571428571428571,2.7142857142857144
2021-01-21,3.142857142857143,2.4285714285714284,0.5714285714285714,3.0
2021-01-22,3.2857142857142856,2.4285714285714284,0.5714285714285714,3.0
2021-01-23,2.857142857142857,2.2857142857142856,0.14285714285714285,2.4285714285714284
2021-01-24,2.4285714285714284,1.8571428571428572,0.14285714285714285,2.0
2021-01-25,1.8571428571428572,1.4285714285714286,0.14285714285714285,1.5714285714285714
2021-01-26,2.0,1.5714285714285714,0.14285714285714285,1.7142857142857142
2021-01-27,2.142857142857143,1.4285714285714286,0.2857142857142857,1.7142857142857144
2021-01-28,1.8571428571428572,1.1428571428571428,0.2857142857142857,1.4285714285714284
2021-01-29,1.7142857142857142,1.1428571428571428,0.14285714285714285,1.2857142857142856
2021-01-30,1.7142857142857142,1.2857142857142858,0.14285714285714285,1.4285714285714286
2021-01-31,2.0,1.5714285714285714,0.14285714285714285,1.7142857142857142
2021-02-01,2.0,1.5714285714285714,0.14285714285714285,1.7142857142857142
2021-02-02,1.8571428571428572,1.2857142857142858,0.2857142857142857,1.5714285714285716
2021-02-03,1.8571428571428572,1.5714285714285714,0.14285714285714285,1.7142857142857142
2021-02-04,1.8571428571428572,1.5714285714285714,0.14285714285714285,1.7142857142857142
2021-02-05,1.8571428571428572,1.7142857142857142,0.14285714285714285,1.857142857142857
2021-02-06,2.0,1.5714285714285714,0.2857142857142857,1.8571428571428572
2021-02-07,2.142857142857143,1.5714285714285714,0.2857142857142857,1.8571428571428572
2021-02-08,2.2857142857142856,1.5714285714285714,0.42857142857142855,2.0
2021-02-09,2.857142857142857,1.7142857142857142,0.42857142857142855,2.142857142857143
2021-02-10,2.5714285714285716,1.2857142857142858,0.42857142857142855,1.7142857142857144
2021-02-11,2.7142857142857144,1.4285714285714286,0.42857142857142855,1.8571428571428572
2021-02-12,2.857142857142857,1.5714285714285714,0.42857142857142855,2.0
2021-02-13,3.5714285714285716,2.4285714285714284,0.2857142857142857,2.714285714285714
2021-02-14,3.2857142857142856,2.142857142857143,0.42857142857142855,2.571428571428571
2021-02-15,3.7142857142857144,2.2857142857142856,0.42857142857142855,2.714285714285714
2021-02-16,3.5714285714285716,2.4285714285714284,0.42857142857142855,2.8571428571428568
2021-02-17,4.285714285714286,3.0,0.5714285714285714,3.571428571428571
2021-02-18,4.857142857142857,3.4285714285714284,0.7142857142857143,4.142857142857142
2021-02-19,5.0,3.5714285714285716,0.7142857142857143,4.285714285714286
2021-02-20,4.285714285714286,2.7142857142857144,0.8571428571428571,3.5714285714285716
2021-02-21,4.142857142857143,2.7142857142857144,0.7142857142857143,3.428571428571429
2021-02-22,4.571428571428571,3.2857142857142856,0.7142857142857143,4.0
2021-02-23,4.285714285714286,3.142857142857143,0.7142857142857143,3.857142857142857
2021-02-24,3.4285714285714284,2.5714285714285716,0.5714285714285714,3.1428571428571432
2021-02-25,3.0,2.142857142857143,0.5714285714285714,2.7142857142857144
2021-02-26,3.0,1.8571428571428572,0.8571428571428571,2.7142857142857144
2021-02-27,3.0,2.0,0.7142857142857143,2.7142857142857144
2021-02-28,4.0,2.4285714285714284,1.0,3.4285714285714284
2021-03-01,2.857142857142857,1.5714285714285714,0.8571428571428571,2.4285714285714284
2021-03-02,2.7142857142857144,1.5714285714285714,0.7142857142857143,2.2857142857142856
2021-03-03,3.7142857142857144,2.142857142857143,1.1428571428571428,3.2857142857142856
2021-03-04,4.285714285714286,2.7142857142857144,1.1428571428571428,3.857142857142857
2021-03-05,4.285714285714286,2.857142857142857,0.8571428571428571,3.7142857142857144
2021-03-06,4.714285714285714,3.142857142857143,0.8571428571428571,4.0
2021-03-07,4.857142857142857,3.4285714285714284,0.7142857142857143,4.142857142857142
2021-03-08,5.571428571428571,3.857142857142857,0.7142857142857143,4.571428571428571
2021-03-09,6.142857142857143,4.0,1.0,5.0
2021-03-10,6.714285714285714,4.571428571428571,1.0,5.571428571428571
2021-03-11,6.571428571428571,4.428571428571429,1.0,5.428571428571429
2021-03-12,7.571428571428571,4.857142857142857,1.5714285714285714,6.428571428571428
2021-03-13,7.714285714285714,5.0,1.7142857142857142,6.714285714285714
2021-03-14,7.571428571428571,5.0,1.5714285714285714,6.571428571428571
2021-03-15,8.428571428571429,5.714285714285714,2.0,7.714285714285714
2021-03-16,8.285714285714286,5.857142857142857,1.7142857142857142,7.571428571428571
2021-03-17,9.142857142857142,6.571428571428571,1.5714285714285714,8.142857142857142
2021-03-18,9.857142857142858,7.142857142857143,1.5714285714285714,8.714285714285715
2021-03-19,9.428571428571429,7.142857142857143,1.1428571428571428,8.285714285714286
2021-03-20,11.857142857142858,8.714285714285714,1.7142857142857142,10.428571428571427
2021-03-21,12.285714285714286,9.142857142857142,1.8571428571428572,11.0
2021-03-22,12.285714285714286,9.571428571428571,1.4285714285714286,11.0
2021-03-23,13.714285714285714,10.714285714285714,1.8571428571428572,12.571428571428571
2021-03-24,12.857142857142858,10.285714285714286,1.7142857142857142,12.0
2021-03-25,13.571428571428571,11.0,1.7142857142857142,12.714285714285714
2021-03-26,15.714285714285714,12.571428571428571,2.2857142857142856,14.857142857142858
2021-03-27,15.571428571428571,13.285714285714286,1.8571428571428572,15.142857142857144
2021-03-28,18.142857142857142,15.285714285714286,2.2857142857142856,17.571428571428573
2021-03-29,19.285714285714285,16.142857142857142,2.4285714285714284,18.57142857142857
2021-03-30,20.571428571428573,17.142857142857142,2.5714285714285716,19.714285714285715
2021-03-31,22.428571428571427,18.857142857142858,2.5714285714285716,21.42857142857143
2021-04-01,21.571428571428573,17.857142857142858,2.7142857142857144,20.571428571428573
2021-04-02,21.571428571428573,18.0,2.7142857142857144,20.714285714285715
2021-04-03,21.857142857142858,18.0,2.857142857142857,20.857142857142858
2021-04-04,22.571428571428573,18.285714285714285,3.0,21.285714285714285
2021-04-05,25.0,19.714285714285715,4.0,23.714285714285715
2021-04-06,24.285714285714285,19.285714285714285,3.7142857142857144,23.0
2021-04-07,23.571428571428573,18.142857142857142,4.142857142857143,22.285714285714285
2021-04-08,24.285714285714285,19.0,4.142857142857143,23.142857142857142
2021-04-09,23.714285714285715,18.714285714285715,3.5714285714285716,22.28571428571429
2021-04-10,23.142857142857142,17.857142857142858,3.857142857142857,21.714285714285715
2021-04-11,20.714285714285715,16.571428571428573,3.142857142857143,19.714285714285715
2021-04-12,18.142857142857142,14.285714285714286,2.4285714285714284,16.714285714285715
2021-04-13,17.714285714285715,13.857142857142858,2.4285714285714284,16.285714285714285
2021-04-14,16.285714285714285,13.0,2.0,15.0
2021-04-15,16.285714285714285,13.0,1.8571428571428572,14.857142857142858
2021-04-16,15.714285714285714,12.428571428571429,2.142857142857143,14.571428571428571
2021-04-17,15.0,12.142857142857142,1.7142857142857142,13.857142857142856
2021-04-18,14.571428571428571,11.714285714285714,1.8571428571428572,13.571428571428571
2021-04-19,13.714285714285714,11.571428571428571,1.7142857142857142,13.285714285714285
2021-04-20,14.0,11.571428571428571,2.0,13.571428571428571
2021-04-21,14.428571428571429,11.571428571428571,2.2857142857142856,13.857142857142858
2021-04-22,14.0,11.142857142857142,2.2857142857142856,13.428571428571427
2021-04-23,13.428571428571429,10.714285714285714,2.142857142857143,12.857142857142856
2021-04-24,13.0,10.142857142857142,2.142857142857143,12.285714285714285
2021-04-25,12.428571428571429,9.285714285714286,2.0,11.285714285714286
2021-04-26,12.571428571428571,9.428571428571429,1.8571428571428572,11.285714285714286
2021-04-27,11.428571428571429,8.714285714285714,1.4285714285714286,10.142857142857142
2021-04-28,10.857142857142858,8.571428571428571,1.0,9.571428571428571
2021-04-29,11.0,8.571428571428571,1.1428571428571428,9.714285714285714
2021-04-30,11.571428571428571,9.142857142857142,0.8571428571428571,10.0
2021-05-01,11.428571428571429,9.142857142857142,0.7142857142857143,9.857142857142856
2021-05-02,11.571428571428571,9.142857142857142,0.8571428571428571,10.0
2021-05-03,10.714285714285714,8.142857142857142,0.8571428571428571,9.0
2021-05-04,11.142857142857142,8.428571428571429,1.0,9.428571428571429
2021-05-05,12.0,8.857142857142858,1.4285714285714286,10.285714285714286
2021-05-06,11.714285714285714,8.571428571428571,1.2857142857142858,9.857142857142858
2021-05-07,11.857142857142858,8.571428571428571,1.5714285714285714,10.142857142857142
2021-05-08,10.571428571428571,7.285714285714286,1.7142857142857142,9.0
2021-05-09,9.285714285714286,6.428571428571429,1.7142857142857142,8.142857142857142
