Day,"Daily new estimated infections of COVID-19 (IHME, mean)","Daily new estimated infections of COVID-19 (IHME, lower)","Daily new estimated infections of COVID-19 (IHME, upper)","Daily new confirmed cases due to COVID-19 (rolling 7-day average, right-aligned)"
2020-02-22,0.0,0.0,0.0,
2020-02-23,2.84059190550907,0.194466770744808,16.5293631123209,
2020-02-24,5.53765929435904,0.950555307490856,26.8869035613468,
2020-02-25,10.0451155121324,2.71842629355023,33.8667491432,
2020-02-26,17.572251002638,5.75591361129268,48.3767156026041,
2020-02-27,29.4643610471712,10.4180623199836,73.7632937630658,
2020-02-28,46.6566146538864,17.4544637864577,115.83205151001,
2020-02-29,69.3651545692829,27.1619815813537,176.927444495678,
2020-03-01,97.078021268693,36.5094190659451,245.421655820655,
2020-03-02,128.636095987186,46.0945453028313,310.155460658695,
2020-03-03,162.320692439515,56.5758513422569,377.06898555588,
2020-03-04,196.031976197044,63.9930042350308,436.654422695191,
2020-03-05,227.605693734251,68.5170764566069,507.645944139558,
2020-03-06,255.089797499592,77.4266802197716,562.46955532322,
2020-03-07,276.957064498219,81.6950611660188,596.823795152668,
2020-03-08,292.272014126563,83.775609959786,604.642361681218,
2020-03-09,300.711949791995,86.0024670627361,629.159031503893,
2020-03-10,302.478772226631,90.8202988511195,622.666439618937,
2020-03-11,298.221932540344,91.1392694366751,598.912414409735,
2020-03-12,288.907964921341,92.2026458607372,581.891140059035,
2020-03-13,275.670920387722,98.2327414792995,567.002149647685,
2020-03-14,259.678539416096,97.3732166721733,522.63214246365,
2020-03-15,242.018419616925,92.534552037089,476.777142822726,
2020-03-16,223.617192416396,86.5581958793658,430.159588343357,5.66667
2020-03-17,205.225803854508,86.0543217007808,376.555796357638,8.25
2020-03-18,187.412940570372,79.9849302374953,346.832150773267,7.2
2020-03-19,170.570506141679,75.120425731215,311.269823723774,7.0
2020-03-20,154.931411655702,70.2166574938661,278.605749566329,6.0
2020-03-21,140.611778885742,64.862442270008,255.282301989124,9.71429
2020-03-22,127.647992851898,62.0452716999785,231.625385246547,8.57143
2020-03-23,116.021157679725,56.6535651588205,217.421693859192,8.57143
2020-03-24,105.676373815779,51.0960641084317,201.300990060718,7.28571
2020-03-25,96.5331736657313,46.6697924462044,182.195884207428,7.85714
2020-03-26,88.4960653165732,42.4518219258865,171.062963786195,9.28571
2020-03-27,81.4649587103013,39.0864268505496,157.826010059394,9.28571
2020-03-28,75.3442402880398,36.1016684089726,148.881651616548,7.0
2020-03-29,70.0425830957345,33.8917736626651,144.040465631613,7.0
2020-03-30,65.4731111113195,31.5327708000309,136.053754563249,8.28571
2020-03-31,61.55629276812,29.5031675458161,129.55560366986,7.28571
2020-04-01,58.2219709448641,27.6156345647772,124.355493741439,7.42857
2020-04-02,55.4097345602403,26.1204599231516,118.587334123872,5.57143
2020-04-03,53.0674652455176,24.811671544878,113.934252589671,6.57143
2020-04-04,51.1497910041076,24.1997881602885,109.391278753924,5.14286
2020-04-05,49.6191287082858,23.9786687475328,107.891703696407,5.71429
2020-04-06,48.4449924948488,23.5500424673268,103.624096919429,4.28571
2020-04-07,47.6032724825823,22.9525556582164,102.187549428652,4.28571
2020-04-08,47.0759326930125,22.6434442647447,97.6616456802856,3.42857
2020-04-09,46.8508769964858,22.4337444998678,96.6132031506281,3.57143
2020-04-10,46.9218355964381,22.5078488614878,94.7691756113417,2.57143
2020-04-11,47.2871791615963,22.7824779748454,94.3172201573381,2.85714
2020-04-12,47.9490366241115,22.8193890686312,94.4483985613649,3.14286
2020-04-13,48.9132958201157,23.1841170435213,94.382038341588,3.42857
2020-04-14,50.1895817687206,23.7473769505008,94.7347265181054,3.42857
2020-04-15,51.7923280771888,23.913630357741,97.6709138519846,4.28571
2020-04-16,53.7410028600577,25.0610369585365,98.2116964902212,4.71429
2020-04-17,56.0593254808254,26.1265720155208,97.3407299635783,4.71429
2020-04-18,58.7756404950026,26.9577112520961,100.368674835022,7.42857
2020-04-19,61.9239658480967,28.1330639152012,106.473892705157,10.71429
2020-04-20,65.5439136858902,29.7406723629987,110.647724402557,9.57143
2020-04-21,69.6801319133772,32.7813733886517,117.754609300236,13.71429
2020-04-22,74.3826881328099,34.9955753328974,126.363727133741,13.0
2020-04-23,79.7068323237586,37.8730882855526,134.204627338482,15.28571
2020-04-24,85.7129609933873,41.580254869041,142.60575197024,16.28571
2020-04-25,92.4660527146991,44.3166156769594,151.720829667236,13.71429
2020-04-26,100.034829529457,49.1747152796384,164.690004138721,9.85714
2020-04-27,108.491250807358,54.3495068559753,179.073589171209,10.42857
2020-04-28,117.912097026436,59.3656178534331,194.072841454026,6.28571
2020-04-29,128.378111226397,65.2289797495183,211.042526369052,6.14286
2020-04-30,139.973701833751,72.470064367153,226.934007839477,3.14286
2020-05-01,152.785686684618,79.8884093696271,248.352039181421,2.42857
2020-05-02,166.901556353482,85.517961929801,278.419613401144,3.14286
2020-05-03,182.407509565576,94.7674180592599,301.317698601893,4.57143
2020-05-04,199.388427861101,103.771300153738,334.188078628031,4.0
2020-05-05,217.925835658152,113.052743314531,362.603768385405,4.57143
2020-05-06,238.096066250218,124.633957825472,400.09982761216,6.85714
2020-05-07,259.966476491475,136.406251853669,435.266407316969,6.85714
2020-05-08,283.593862582643,149.308711833186,483.557772940721,7.57143
2020-05-09,309.024397925666,162.591860765461,537.642894505375,8.14286
2020-05-10,336.292256250997,179.060829117408,585.071425632509,8.14286
2020-05-11,365.414221446476,193.412934119105,643.081704297488,9.28571
2020-05-12,396.389788598215,214.900267821481,683.448928032082,8.85714
2020-05-13,429.202464928386,233.907317928015,741.594284375677,6.28571
2020-05-14,463.819265087211,255.15297473649,801.244340774984,10.57143
2020-05-15,500.19500238823,275.381268907033,868.807990691554,10.14286
2020-05-16,538.261689315753,293.461910828262,927.852964724637,14.57143
2020-05-17,577.93420405932,312.656126119914,1005.46274280486,18.14286
2020-05-18,619.109709996595,336.588211888349,1067.40979814118,28.0
2020-05-19,661.669106569589,355.474023383357,1123.31713866562,46.57143
2020-05-20,705.483313198091,383.533092051445,1186.40532226733,57.28571
2020-05-21,750.417218786368,409.634916374697,1286.34497086043,61.0
2020-05-22,796.336010774955,436.940340537509,1356.57147936933,69.28571
2020-05-23,843.106513847587,462.963290582104,1421.00056790403,72.28571
2020-05-24,890.605086658166,490.539781599628,1513.33407554517,82.85714
2020-05-25,938.718558843676,518.624213071227,1584.56931687471,79.85714
2020-05-26,987.359026467921,550.58561867956,1642.94623053647,66.0
2020-05-27,1036.48570223304,577.322421364357,1719.29121612146,60.14286
2020-05-28,1086.07353528899,610.508817627867,1799.32632463266,63.28571
2020-05-29,1136.08356483425,639.577475582831,1890.41551619403,60.85714
2020-05-30,1186.47245523672,666.503740390716,1990.60787238401,64.14286
2020-05-31,1237.20007154862,692.07786772854,2009.66589335355,55.57143
2020-06-01,1288.23212793131,719.663150163979,2097.10059895664,69.28571
2020-06-02,1339.56579518763,756.164501640459,2192.5175400595,86.85714
2020-06-03,1391.23041935739,775.047863511081,2225.30944951136,101.0
2020-06-04,1443.2593258136,820.931878200007,2287.51506942179,108.85714
2020-06-05,1495.66673820615,865.854659861426,2358.56988140086,110.71429
2020-06-06,1548.46624307131,900.793434166449,2440.42784927223,122.42857
2020-06-07,1601.6795623344,953.8010717383,2556.31875149904,123.85714
2020-06-08,1655.34322895969,985.206894281158,2638.48035558707,115.85714
2020-06-09,1709.50128960749,1030.64040933654,2727.58839405115,116.14286
2020-06-10,1764.18649842071,1035.07041898117,2818.41591332207,112.28571
2020-06-11,1819.43641551602,1078.53609891343,2903.88062520869,103.85714
2020-06-12,1875.30065902974,1113.24837966605,3005.70760979307,104.85714
2020-06-13,1931.83777352178,1134.65508994194,3127.11215635668,84.0
2020-06-14,1989.1251326097,1169.10769051049,3157.30160888313,85.85714
2020-06-15,2047.25709975838,1217.55407226278,3257.23668487967,84.14286
2020-06-16,2106.31844565861,1243.02965208931,3355.57386385074,74.0
2020-06-17,2166.36977470202,1267.0716814747,3481.26100832996,92.57143
2020-06-18,2227.45846038127,1292.86955911445,3624.99246861399,95.57143
2020-06-19,2289.64103791235,1319.98097742578,3705.08602659066,101.71429
2020-06-20,2352.991520478,1357.97032451351,3808.27224758422,126.42857
2020-06-21,2417.61527094753,1394.1840034156,3954.38296522672,134.14286
2020-06-22,2483.61257305752,1441.75611214469,4062.69625965092,140.85714
2020-06-23,2551.03923961677,1496.16084395723,4145.17145371143,148.14286
2020-06-24,2619.85601602383,1524.19059343248,4229.33561612726,140.0
2020-06-25,2689.9849820258,1572.88250329573,4313.53184039461,154.28571
2020-06-26,2761.38319792199,1597.00565638301,4389.57067573038,169.71429
2020-06-27,2834.0744958659,1674.13344963361,4465.35799783904,191.57143
2020-06-28,2908.10129150143,1707.56196852725,4541.64295111781,197.14286
2020-06-29,2983.50184696686,1774.23706105864,4631.67032504957,211.71429
2020-06-30,3060.30538206012,1860.7307680859,4744.73260597106,235.0
2020-07-01,3138.48559663592,1877.34204846381,4879.05859817239,242.28571
2020-07-02,3217.968434176,1948.63605220211,5034.91746109702,244.28571
2020-07-03,3298.66415214228,1986.06392422958,5211.61798413586,251.14286
2020-07-04,3380.41894989991,2029.51096807163,5364.6256011701,231.42857
2020-07-05,3463.03799950664,2079.24899633953,5438.65205302583,267.42857
2020-07-06,3546.3511703995,2177.0766661509,5602.05644422024,268.71429
2020-07-07,3630.26845766032,2251.06163095889,5649.09105411931,265.85714
2020-07-08,3714.68518821001,2273.97483972095,5780.00930059042,278.0
2020-07-09,3799.46576355164,2339.93675876132,5967.0720299832,299.85714
2020-07-10,3884.47049352961,2365.82250106753,6090.87991609451,323.71429
2020-07-11,3969.55315847524,2409.20486338707,6277.02117292109,346.85714
2020-07-12,4054.57770085874,2427.0024623552,6334.90587314459,328.0
2020-07-13,4139.44578473153,2473.81176658929,6478.25187428855,328.0
2020-07-14,4224.05620119351,2525.171850361,6589.77635825551,331.0
2020-07-15,4308.29322341396,2571.15786684589,6731.68909395394,345.71429
2020-07-16,4392.05645512539,2621.10138531714,6911.09189842899,354.57143
2020-07-17,4475.21545985785,2645.96445771248,7054.21384043729,341.14286
2020-07-18,4557.64605576654,2656.87643610283,7166.82440424148,329.28571
2020-07-19,4639.24040576647,2684.63964360668,7259.45999636769,346.57143
2020-07-20,4719.9051811468,2728.03848836329,7502.39744953977,375.28571
2020-07-21,4799.53204251817,2787.42785509964,7628.84837755567,394.85714
2020-07-22,4878.00256152458,2830.52201272229,7709.53482124011,390.85714
2020-07-23,4955.1799955954,2907.02367580301,7768.09808764568,394.14286
2020-07-24,5030.94000337201,2912.28730747759,7805.34145588469,438.85714
2020-07-25,5105.19072417504,2912.97867318379,7886.44360720772,492.28571
2020-07-26,5177.81210054004,2962.8819606196,7932.62733048103,510.28571
2020-07-27,5248.6522376243,2997.44039642608,8157.8975602807,522.0
2020-07-28,5317.53954306125,3058.85153320571,8345.2211237903,542.42857
2020-07-29,5384.31737148929,3152.98589505337,8491.71420588002,570.57143
2020-07-30,5448.7806199785,3209.46516794774,8438.16552632991,606.57143
2020-07-31,5510.6965673244,3209.05339482456,8427.5207698773,615.85714
2020-08-01,5569.85527140233,3300.47699181294,8555.38549552326,644.85714
2020-08-02,5626.10368027823,3391.60737430138,8688.56260825203,677.57143
2020-08-03,5679.2939468939,3364.1593647113,8678.77287091336,680.85714
2020-08-04,5729.26598328201,3453.98757605346,8762.79858682673,695.28571
2020-08-05,5775.87786905892,3534.78714365789,8868.76946712693,734.42857
2020-08-06,5819.05032676187,3598.91283018304,8944.85595134933,774.42857
2020-08-07,5858.7458014687,3654.71912044708,8885.0729596277,798.85714
2020-08-08,5894.91401093274,3718.63672230383,8868.34599852739,788.28571
2020-08-09,5927.46635129177,3751.26584124417,8941.44457864607,799.85714
2020-08-10,5956.2863637829,3787.46891757559,8986.42402955426,863.71429
2020-08-11,5981.29440182854,3759.45348939294,8947.33986953605,928.57143
2020-08-12,6002.43237738892,3802.06912652635,8958.88531891519,969.85714
2020-08-13,6019.67261652732,3807.42523991004,9026.27097403486,1012.71429
2020-08-14,6033.00053316466,3811.09614779691,8955.25984982745,1030.71429
2020-08-15,6042.41000400952,3778.67714615592,9071.08701728803,1092.28571
2020-08-16,6047.92633885394,3834.68829320477,9007.27918912267,1135.71429
2020-08-17,6049.58665782609,3835.61009471507,8957.37934577058,1143.14286
2020-08-18,6047.38671570544,3795.22028825951,8849.19121034039,1108.42857
2020-08-19,6041.29711882972,3867.22409345836,8951.30415867901,1111.42857
2020-08-20,6031.2388088684,3887.32053863006,8814.45424132605,1028.28571
2020-08-21,6017.08740782636,3883.58243028342,8887.97623128023,976.85714
2020-08-22,5998.7324281274,3878.76662670919,8865.41758904358,907.14286
2020-08-23,5976.11443587934,3931.68478647818,8803.70924084375,829.85714
2020-08-24,5949.21866060307,3902.43379622813,8732.29894025323,790.85714
2020-08-25,5918.06621330743,3904.62839881658,8725.33626000488,780.14286
2020-08-26,5882.6893158037,3902.54833844937,8646.99550058195,728.14286
2020-08-27,5843.14011551901,3857.36827374284,8639.97226243103,761.57143
2020-08-28,5799.5303525727,3831.72996619424,8529.85217794297,808.57143
2020-08-29,5752.02094671654,3745.65317809964,8407.70792191544,855.57143
2020-08-30,5700.78639757748,3679.0595367831,8272.69002867983,900.57143
2020-08-31,5646.05510305533,3628.22525126586,8208.7730639717,912.85714
2020-09-01,5588.02885247179,3578.4392625727,8146.8635012533,942.57143
2020-09-02,5526.82028950244,3565.54263127413,8049.75861563286,988.28571
2020-09-03,5462.44952152022,3551.1038779334,7862.75987108923,997.0
2020-09-04,5394.92478900671,3480.61241876983,7850.8186027734,1013.42857
2020-09-05,5324.26912414,3496.31812807108,7666.04600503159,1031.28571
2020-09-06,5250.51097481315,3453.42518978623,7647.19256781552,1060.14286
2020-09-07,5173.74590354391,3416.74548595902,7548.38863233185,1088.85714
2020-09-08,5094.21248665532,3401.24765781233,7405.37319576728,1115.28571
2020-09-09,5012.13912042758,3316.395162533,7322.68366511881,1124.0
2020-09-10,4927.73497041598,3285.32411638266,7202.14230070556,1135.14286
2020-09-11,4841.24109277929,3195.75252272865,7116.22718852063,1098.57143
2020-09-12,4752.93511882126,3198.52256516407,7019.70690054998,1066.42857
2020-09-13,4663.09095510002,3113.4187131356,6948.96188111306,1035.85714
2020-09-14,4571.99949791671,3043.4954674536,6828.01401326005,1031.28571
2020-09-15,4479.9542834134,2999.18864175621,6660.49242114056,1013.14286
2020-09-16,4387.27443167182,2917.6009803212,6486.94484723468,952.14286
2020-09-17,4294.30619446524,2867.89776389976,6327.54767002112,923.0
2020-09-18,4201.39739225502,2794.73895153086,6168.05915441671,930.14286
2020-09-19,4108.89310957752,2728.24295926523,6029.51258968111,902.71429
2020-09-20,4017.13412364655,2670.83050811562,5881.66228929431,873.71429
2020-09-21,3926.39353559474,2604.71489822893,5733.25285487832,839.14286
2020-09-22,3836.92722915406,2551.08748650292,5623.67290353646,828.28571
2020-09-23,3748.95168433556,2504.49598999176,5431.72875543435,860.42857
2020-09-24,3662.64981875489,2439.04516453981,5301.44950886653,874.57143
2020-09-25,3578.21297876579,2399.95611914983,5225.07613954636,871.28571
2020-09-26,3495.8408458616,2348.12564934526,5087.91597484551,855.85714
2020-09-27,3415.69257761133,2296.52870467792,5011.65316001281,862.14286
2020-09-28,3337.90213234796,2265.4699747876,4909.04749867368,869.28571
2020-09-29,3262.58955519628,2210.31533777064,4752.87456311365,844.28571
2020-09-30,3189.83973764386,2156.57863521542,4620.2954750774,811.85714
2020-10-01,3119.7034815655,2117.16669223717,4452.86169208099,803.28571
2020-10-02,3052.1968798666,2063.36288627431,4372.0028723405,792.42857
2020-10-03,2987.30639887473,2015.21847046252,4268.85888295944,815.14286
2020-10-04,2925.01548041452,1978.72737600109,4182.21765570676,820.42857
2020-10-05,2865.32367353668,1920.98569549099,4053.92661527439,798.42857
2020-10-06,2808.22332199751,1918.7759903167,3959.22818207566,776.14286
2020-10-07,2753.69133080606,1877.36802355489,3889.02333434616,754.57143
2020-10-08,2701.70550645621,1825.89522987235,3875.32361983869,712.85714
2020-10-09,2652.25602611904,1796.43030088615,3809.94987757817,696.57143
2020-10-10,2605.32444760639,1743.62628138481,3706.360662069,686.71429
2020-10-11,2560.87707341525,1717.60986814032,3647.5757711809,671.85714
2020-10-12,2518.86591211269,1688.87505085636,3589.39053672003,662.71429
2020-10-13,2479.23991156605,1643.19598231225,3508.22173473531,656.42857
2020-10-14,2441.9527708698,1634.30128466594,3462.04057236551,657.28571
2020-10-15,2406.96575408462,1594.06768384154,3390.03374902959,635.71429
2020-10-16,2374.2322788616,1552.2239907374,3321.41452740043,580.28571
2020-10-17,2343.70151862237,1532.40221256466,3265.67121787149,548.0
2020-10-18,2315.3219043851,1505.59049316773,3210.61873567977,499.85714
2020-10-19,2289.03929971072,1475.62794317106,3149.03561588724,411.42857
2020-10-20,2264.80046734224,1462.75293941342,3152.00134714635,464.71429
2020-10-21,2242.52450175541,1469.38063094243,3119.53242822858,432.85714
2020-10-22,2222.10959461265,1468.11162478003,3104.17829581268,421.0
2020-10-23,2203.44797194602,1465.97430641229,3109.18918487804,422.85714
2020-10-24,2186.43079818605,1453.49432309615,3098.05661897704,407.57143
2020-10-25,2170.95712192948,1461.26589923254,3047.17208495604,418.42857
2020-10-26,2156.95398239257,1446.73289173663,2976.70746045636,487.28571
2020-10-27,2144.36650001751,1435.72046080112,2979.62170278653,393.71429
2020-10-28,2133.14056833642,1434.31594689225,2949.44921493804,405.85714
2020-10-29,2123.23204371555,1426.96763031552,2944.07761263398,409.14286
2020-10-30,2114.60191649862,1418.41451828729,2921.46066050612,410.14286
2020-10-31,2107.21357605933,1412.9786194612,2920.27982492325,410.14286
2020-11-01,2101.01720393917,1415.4620958385,2919.58507100107,394.28571
2020-11-02,2095.94584841108,1412.49175528408,2940.70873361641,379.71429
2020-11-03,2091.91807829094,1414.62827790051,2953.79471045098,385.71429
2020-11-04,2088.84358019575,1404.73269409014,2931.31160345783,372.0
2020-11-05,2086.65771464927,1399.7645783098,2924.91258476938,377.28571
2020-11-06,2085.29650586606,1410.20923013256,2921.40303532899,388.0
2020-11-07,2084.68363116867,1410.67977968241,2894.54412827328,383.57143
2020-11-08,2084.73911459456,1416.55598176699,2868.79498697554,365.42857
2020-11-09,2085.38474083494,1417.73411577813,2880.98684260623,349.14286
2020-11-10,2086.54524093603,1413.1522111913,2894.05989247777,335.0
2020-11-11,2088.15091693985,1411.8904918884,2879.07146785943,324.28571
2020-11-12,2090.15411538222,1418.74236839251,2915.94523249562,317.0
2020-11-13,2092.52381004523,1421.9015910969,2866.24088954958,305.14286
2020-11-14,2095.22614461069,1421.67562599075,2889.72990045538,319.28571
2020-11-15,2098.22944457187,1416.29711366149,2921.36799195026,352.71429
2020-11-16,2101.50608083055,1428.74362004293,2942.28750708298,370.0
2020-11-17,2105.05303031883,1437.06078887172,2935.85316633477,372.14286
2020-11-18,2108.87405677825,1438.44490265954,2914.17164384435,371.42857
2020-11-19,2112.96268995037,1440.77458493715,2957.57860054352,360.71429
2020-11-20,2117.30292207511,1444.82828265223,2920.84416327042,368.0
2020-11-21,2121.87603449368,1441.36244999602,2948.13206412284,357.42857
2020-11-22,2126.66325816289,1446.15421639381,2959.49703422874,354.71429
2020-11-23,2131.64324848339,1451.63852234857,2988.44832026029,343.42857
2020-11-24,2136.79890708897,1462.28765241974,3022.11910487571,349.71429
2020-11-25,2142.10956484398,1467.18590901477,3034.55580989822,352.42857
2020-11-26,2147.55776225538,1470.02492148428,3000.28830315165,364.28571
2020-11-27,2153.15461239105,1472.25561218518,3001.15036662829,358.14286
2020-11-28,2158.93152511135,1497.60996179664,3006.95278833443,332.14286
2020-11-29,2164.92661272575,1503.9735748167,2979.75550604395,315.0
2020-11-30,2171.18074468164,1518.15415370346,2959.33343020664,321.57143
2020-12-01,2177.73312365249,1529.27053394878,2954.82665926322,303.28571
2020-12-02,2184.61643118025,1549.36078523277,2899.93639840254,321.42857
2020-12-03,2191.85586749559,1566.47530542924,2900.0364591818,333.28571
2020-12-04,2199.46974405674,1581.42581420001,2916.82173815729,336.14286
2020-12-05,2207.47013415338,1576.06451310564,2914.37896795545,345.28571
2020-12-06,2215.85802882048,1575.30364233631,2927.48405389662,343.14286
2020-12-07,2224.63929717798,1591.34555912358,2926.3620195162,358.57143
2020-12-08,2233.8271829918,1617.58825078365,2942.21744810104,394.71429
2020-12-09,2243.43290219079,1623.92197575579,2931.31395669328,397.85714
2020-12-10,2253.45626512322,1636.70135085029,2960.40569600903,390.28571
2020-12-11,2263.89724152889,1670.63702865121,2955.25886291674,405.42857
2020-12-12,2274.75733299307,1683.23236051152,2973.61997665253,428.57143
2020-12-13,2286.02085817423,1675.02868201303,2981.11652681062,477.71429
2020-12-14,2297.67178125961,1684.59789193073,2997.14497637763,460.14286
2020-12-15,2309.68635553616,1700.7850679899,3014.7235470409,442.28571
2020-12-16,2322.02123183741,1711.10059144041,3028.78511976641,409.28571
2020-12-17,2334.61982136564,1707.65919539317,3045.19036146874,400.14286
2020-12-18,2347.41952047391,1737.70524856623,3058.35608027375,382.85714
2020-12-19,2360.3476415116,1765.13578547139,3053.30840946799,372.0
2020-12-20,2373.33353416142,1780.23608013869,3061.3341011187,327.0
2020-12-21,2386.31748193962,1810.29178336737,3071.56490133164,341.14286
2020-12-22,2399.26715511013,1823.09776212638,3078.77779531785,335.42857
2020-12-23,2412.15592618603,1851.99557212627,3076.17988303562,329.57143
2020-12-24,2424.94943358951,1880.10742715876,3118.80267317729,309.14286
2020-12-25,2437.59625203836,1884.09507762663,3122.96934097351,315.42857
2020-12-26,2450.03500587475,1888.91187108815,3140.26144781468,310.0
2020-12-27,2462.20628858634,1906.07250865216,3171.89851282428,320.14286
2020-12-28,2474.0606849373,1916.19469726645,3197.60986166499,303.28571
2020-12-29,2485.55143440987,1943.57772193312,3207.85990565375,290.42857
2020-12-30,2496.62943867875,1950.86238679853,3240.77006836668,299.57143
2020-12-31,2507.23588441837,1954.35422086404,3252.68428593198,330.42857
2021-01-01,2517.31091236617,1977.34253045287,3231.35965673018,325.85714
2021-01-02,2526.79639569158,1989.58159743119,3230.61461939928,304.57143
2021-01-03,2535.63411446092,2001.48307682897,3261.52948551004,273.42857
2021-01-04,2543.76524218587,2005.60689485645,3303.59385870958,253.0
2021-01-05,2551.13731347328,2021.95603196776,3298.45348671902,257.28571
2021-01-06,2557.72005841713,2039.41820811384,3279.63231457888,255.28571
2021-01-07,2563.51069103982,2039.30955730499,3275.01159812246,252.0
2021-01-08,2568.51903725107,2056.65603029679,3301.77157365065,254.71429
2021-01-09,2572.76806728144,2051.82160187244,3319.32993557927,298.42857
2021-01-10,2576.28077275648,2066.67141146382,3298.1588288357,340.0
2021-01-11,2579.08060907032,2071.94421384403,3263.92381725116,368.0
2021-01-12,2581.19734343248,2076.04202622957,3294.45952506806,376.71429
2021-01-13,2582.67739202006,2076.6985312144,3309.34298621515,414.71429
2021-01-14,2583.58042799276,2080.06165473848,3265.83510878572,441.85714
2021-01-15,2583.97469673528,2074.75795968849,3276.20880618268,455.57143
2021-01-16,2583.92034882776,2054.76644946276,3243.62670750847,447.71429
2021-01-17,2583.47641870316,2050.11012253911,3288.5717840761,456.14286
2021-01-18,2582.70589962427,2054.65533757258,3297.1611128443,494.42857
2021-01-19,2581.67005140202,2049.61837083039,3299.49953343581,545.42857
2021-01-20,2580.4324677359,2039.87105713428,3278.96999884927,554.28571
2021-01-21,2579.06768295574,2028.51467818954,3310.75923867291,549.28571
2021-01-22,2577.65538933706,2018.31453902052,3310.51531893001,562.71429
2021-01-23,2576.27570863517,2014.90781839553,3299.43140463932,562.71429
2021-01-24,2575.01950990591,2008.83906105657,3298.59922803952,558.0
2021-01-25,2573.98232992071,2007.22456248143,3270.9826691875,524.0
2021-01-26,2573.27946375584,1996.47850579949,3255.78067850221,486.85714
2021-01-27,2573.05475911939,2010.98376033727,3245.12683892307,466.71429
2021-01-28,2573.47466371633,2012.01992214526,3223.94331602205,443.42857
2021-01-29,2574.71436176963,1997.10358098214,3210.27308216967,425.85714
2021-01-30,2576.9524698596,2008.63061878503,3208.64227051423,439.71429
2021-01-31,2580.35877558048,2003.65684186576,3209.6930658688,459.71429
2021-02-01,2585.09404730401,1999.89651890321,3198.04303101819,462.0
2021-02-02,2591.31634007085,2006.73766093184,3209.83131194609,461.0
2021-02-03,2599.1803632565,2024.6023166407,3200.07204609709,479.57143
2021-02-04,2608.83480322541,2029.72767216385,3194.37351579692,487.28571
2021-02-05,2620.42455508136,2047.51043113399,3225.35816319148,493.57143
2021-02-06,2634.09448844129,2039.7011242954,3235.74432271755,474.28571
2021-02-07,2649.98031075614,2049.7881680041,3256.90219475577,455.57143
2021-02-08,2668.21506704535,2081.83136722476,3272.27141031281,464.28571
2021-02-09,2688.932739482,2107.66043984422,3287.1957443267,477.71429
2021-02-10,2712.26590333037,2137.46941443696,3311.86950319537,451.57143
2021-02-11,2738.35008896244,2167.97208773835,3355.49313274864,436.14286
2021-02-12,2767.32274308624,2198.76920127127,3385.20452520413,432.57143
2021-02-13,2799.31072862644,2225.39175612531,3417.6834820875,442.85714
2021-02-14,2834.44096482553,2243.83699842172,3482.84115083672,443.14286
2021-02-15,2872.85169247194,2268.24992697875,3515.16902154544,425.85714
2021-02-16,2914.68588680633,2297.68305827196,3568.4455464759,404.42857
2021-02-17,2960.08326575716,2327.46008052943,3618.96874949875,406.14286
2021-02-18,3009.18247735202,2338.76662537966,3683.36287490283,421.85714
2021-02-19,3062.11400876289,2367.4033021326,3731.79710644332,407.85714
2021-02-20,3119.0027124362,2419.71027918976,3810.29262736759,408.57143
2021-02-21,3179.96688124043,2467.43445665685,3888.33283154684,407.14286
2021-02-22,3245.0841605143,2500.90816392243,3972.1147857603,424.0
2021-02-23,3314.41876934437,2562.14404521441,4055.77471684369,437.0
2021-02-24,3388.02957916695,2629.68602304357,4141.59626968099,446.57143
2021-02-25,3465.95968484188,2703.98631350327,4249.93451277369,441.42857
2021-02-26,3548.21055355352,2769.53085079474,4338.68573891852,454.42857
2021-02-27,3634.73664600815,2838.53082304385,4443.2301941185,448.0
2021-02-28,3725.47351555927,2906.01645849083,4553.99297186738,435.42857
2021-03-01,3820.36442571543,3013.87147490603,4672.58170563288,428.57143
2021-03-02,3919.33755931804,3079.10932227932,4812.30584910953,421.14286
2021-03-03,4022.28947192986,3171.0926616445,4955.21589777715,419.71429
2021-03-04,4129.10513422085,3285.0064489724,5161.77996638327,441.28571
2021-03-05,4239.64102605768,3376.04571246936,5272.11266579842,437.28571
2021-03-06,4353.71608971398,3455.64116394506,5370.11834144137,449.42857
2021-03-07,4471.11447550493,3577.85912684866,5570.3689569359,460.28571
2021-03-08,4591.59044916884,3672.19617278306,5812.83175929069,461.28571
2021-03-09,4714.86196605539,3760.34172851584,5964.48595276885,483.85714
2021-03-10,4840.59480545295,3867.98943499292,6126.08068845847,419.71429
2021-03-11,4968.38998260714,3953.72213667062,6301.34035242794,473.85714
2021-03-12,5097.79908846268,4056.15812078453,6463.26395460888,490.0
2021-03-13,5228.31617464828,4125.19962123481,6645.36438125664,499.14286
2021-03-14,5359.38209420772,4229.7962603295,6826.21256043424,434.42857
2021-03-15,5490.41252159044,4309.03582398465,6955.43930403479,530.57143
2021-03-16,5620.79393381006,4416.65168605213,7149.39795901666,529.57143
2021-03-17,5749.86627083763,4509.73526903189,7357.21818743976,608.0
2021-03-18,5876.86949801048,4597.94065221037,7505.68293244493,561.57143
2021-03-19,6000.94673314719,4699.99787178214,7703.78605895775,622.71429
2021-03-20,6121.21494046742,4783.70345668871,7841.21391810577,703.85714
2021-03-21,6236.79111589734,4886.55954896493,7993.16612774024,820.57143
2021-03-22,6346.73764601395,4904.33596276525,8106.81675696958,772.28571
2021-03-23,6450.08765944242,4992.99434800743,8326.37089252421,782.85714
2021-03-24,6545.87895754902,5067.95527429803,8405.20768804568,819.71429
2021-03-25,6633.19817032861,5102.69617610702,8583.06094053957,851.0
2021-03-26,6711.22415784759,5149.71918876297,8700.94715478359,822.85714
2021-03-27,6779.27144150592,5211.24433429975,8775.19047106252,765.28571
2021-03-28,6836.78500887156,5221.38870181197,8873.0239371684,790.28571
2021-03-29,6883.33802614362,5269.88956041125,8978.42944727368,864.14286
2021-03-30,6918.67320312472,5269.51477259164,9054.95603203804,948.71429
2021-03-31,6942.79091993684,5256.83640044236,9180.17004018343,1026.0
2021-04-01,6956.02802374714,5250.45004572392,9154.26573818802,1083.71429
2021-04-02,6958.91437682031,5233.39368878018,9120.89305244203,1117.85714
2021-04-03,6952.07548586889,5204.56283302842,9081.8494239379,1239.14286
2021-04-04,6936.1249874069,5207.29510995008,9125.11632386092,1352.57143
2021-04-05,6911.73148179542,5105.13001260284,9134.44995550472,1372.14286
2021-04-06,6879.69831667329,4960.86507661718,9125.4862952468,1417.85714
2021-04-07,6840.95427021212,4881.62094237234,9062.78715086922,1384.57143
2021-04-08,6796.43663949887,4824.44288900306,9017.56080815364,1374.57143
2021-04-09,6746.94985248791,4746.11289003371,9068.16003457117,1390.14286
2021-04-10,6693.3475794951,4702.63098465544,9082.56879882084,1349.85714
2021-04-11,6636.57128965902,4655.51822533427,9018.51253212863,1252.0
2021-04-12,6577.64236786373,4631.05833199555,8976.6387914172,1180.57143
2021-04-13,6518.06345995017,4574.88419190281,8942.64693044114,1128.28571
2021-04-14,6459.62793027739,4575.61425669453,8904.91182595558,1129.28571
2021-04-15,6404.03014573807,4459.38729542789,8903.36690883591,1141.71429
2021-04-16,6378.44831064808,4312.82717681541,8913.68382665616,1164.0
2021-04-17,6433.95942314646,4455.2872899159,9221.30523559194,1159.57143
2021-04-18,6395.833906088,4345.35162243263,9349.31754922118,1186.14286
2021-04-19,6344.85440236162,4206.82172901014,9413.95724362947,1254.71429
2021-04-20,6293.92122363024,4054.91619968401,9617.28258821642,1252.0
2021-04-21,6252.04607568452,3924.59835114966,9777.19539306354,1235.85714
2021-04-22,6224.22768421017,3811.4150676363,9960.40241248093,1242.57143
2021-04-23,6214.59754320389,3718.37664483693,10207.0433248202,1253.14286
2021-04-24,6222.00582014715,3647.90651316491,10401.4855977738,1231.42857
2021-04-25,6238.12451882498,3555.5794521898,10611.9654121983,1189.71429
2021-04-26,6247.43905266097,3487.54812161678,10820.3673634017,1129.0
2021-04-27,6249.46565754266,3424.06311785399,10967.3952564115,1140.71429
2021-04-28,6254.76333520832,3358.73564552868,11127.0249771354,1173.42857
2021-04-29,6262.74287175804,3306.41266596973,11346.222943946,1189.0
2021-04-30,6275.95099737872,3275.15562446377,11563.4018568362,1186.0
2021-05-01,6294.40740151629,3241.77932989456,11782.2139490279,1191.71429
2021-05-02,6312.44348856118,3198.32379328942,11960.2449430218,1221.28571
2021-05-03,6329.85390764623,3170.15062325147,12011.8656744766,1204.71429
2021-05-04,,,,1155.14286
2021-05-05,,,,1088.42857
2021-05-06,,,,1095.85714
2021-05-07,,,,1071.14286
2021-05-08,,,,1097.71429
2021-05-09,,,,1114.71429
2021-05-10,,,,1175.85714
